{"train/loss":1.8645,"train_samples_per_second":3.699,"train_runtime":8385.3768,"train/global_step":1938,"total_flos":1.4297868547852861e+18,"train/grad_norm":2.1830949783325195,"_wandb":{"runtime":8486},"train/learning_rate":0,"train_loss":1.9844767584766274,"train/epoch":0.9997420686097498,"_runtime":8391.865927813,"_step":1938,"_timestamp":1.7383101841692595e+09,"train_steps_per_second":0.231}