{"_step":1938,"train_samples_per_second":3.691,"train_steps_per_second":0.231,"train_runtime":8402.4425,"_wandb":{"runtime":8498},"_timestamp":1.7382930874616292e+09,"total_flos":1.4297868547852861e+18,"train/epoch":0.9997420686097498,"train/grad_norm":2.197230339050293,"_runtime":8401.625825174,"train/global_step":1938,"train/loss":2.0271,"train/learning_rate":0,"train_loss":1.9807325011682462}