{"_wandb":{"runtime":1787},"_step":994,"train/loss":1.2393,"train/grad_norm":5.289382457733154,"_runtime":1787.291693673,"train/global_step":995,"train/learning_rate":9.549721695534669e-08,"train/epoch":2.7448275862068967,"_timestamp":1.7362386597178729e+09}