{"_wandb":{"runtime":127},"_step":15,"train/epoch":0.0041912246234446626,"train/learning_rate":4.1884816753926706e-07,"train/grad_norm":9.106276512145996,"_timestamp":1.7318962800054042e+09,"_runtime":126.142644423,"train/global_step":16,"train/loss":1.4543}