{"train_loss":1.226394911089705,"train/learning_rate":0,"train_samples_per_second":1.888,"train/global_step":576,"train_runtime":2446.7357,"train_steps_per_second":0.235,"train/loss":1.1029,"train/epoch":2.9922077922077923,"_wandb":{"runtime":2539},"_step":576,"_runtime":2446.146072702,"total_flos":2.1247606510741094e+17,"train/grad_norm":2.752298593521118,"_timestamp":1.7358809581990728e+09}