{"train/epoch":0.9998066387367064,"train/learning_rate":0,"train_runtime":8450.073,"train_steps_per_second":0.229,"_timestamp":1.738179325379051e+09,"train/grad_norm":2.5475385189056396,"_wandb":{"runtime":8550},"train_loss":2.196213051177227,"total_flos":1.4305246189002424e+18,"_runtime":8457.081099544,"train/loss":2.3381,"_step":1939,"train_samples_per_second":3.672,"train/global_step":1939}