{"train_steps_per_second":0.232,"train_loss":1.9798494029963476,"train_runtime":8611.9989,"train/loss":2.0228,"train/epoch":0.9998749531074153,"_runtime":8611.351795538,"train/global_step":1999,"train/learning_rate":0,"train/grad_norm":2.2347922325134277,"train_samples_per_second":3.714,"_timestamp":1.7382811347889934e+09,"_step":1999,"total_flos":1.4747904657976197e+18,"_wandb":{"runtime":8706}}