{"train/learning_rate":0,"train_runtime":2820.3182,"train/loss":1.2352,"train_loss":1.2267391776873007,"total_flos":2.1247606510741094e+17,"_runtime":2819.683540328,"train/grad_norm":4.112131595611572,"_step":576,"train/global_step":576,"train_steps_per_second":0.204,"_wandb":{"runtime":2913},"_timestamp":1.7361371713074315e+09,"train_samples_per_second":1.638,"train/epoch":2.9922077922077923}