{"_timestamp":1.731896767238645e+09,"train/learning_rate":1.3874345549738222e-06,"train/global_step":53,"_step":52,"_runtime":410.535770091,"_wandb":{"runtime":415},"train/epoch":0.013883431565160446,"train/loss":1.19,"train/grad_norm":2.1349377632141113}