{"train/learning_rate":0,"train_steps_per_second":0.235,"train_loss":1.9881287079591017,"train/grad_norm":2.0063726902008057,"train_samples_per_second":3.762,"train_runtime":8572.9249,"_wandb":{"runtime":8667},"total_flos":1.4865946916369203e+18,"_timestamp":1.7376297467903826e+09,"train/global_step":2015,"train/epoch":0.9995659453091089,"train/loss":2.0569,"_step":2015,"_runtime":8572.169464934}