{"train/epoch":0.9992094861660079,"train_steps_per_second":0.063,"train/global_step":237,"_wandb":{"runtime":3782},"train/loss":1.2555,"_step":237,"train_samples_per_second":8.115,"train/learning_rate":0,"_runtime":3740.493070557,"_timestamp":1.737754676247457e+09,"total_flos":5.253704963095265e+17,"train_runtime":3741.0774,"train/grad_norm":0.7937743067741394,"train_loss":1.2941391508287519}