{"total_flos":1.4076539313365975e+18,"train/epoch":0.999607072691552,"train/loss":1.0691,"train/global_step":954,"train/grad_norm":1.1489813327789307,"_wandb":{"runtime":7388},"train_samples_per_second":4.187,"train_runtime":7294.3897,"train_steps_per_second":0.131,"train_loss":1.109557561779422,"train/learning_rate":0,"_runtime":7293.616257013,"_timestamp":1.7320568532831523e+09,"_step":954}