{"_wandb":{"runtime":4202},"train/loss":2.2011,"train/learning_rate":0,"train/grad_norm":1.5355888605117798,"train_steps_per_second":0.484,"_step":2015,"train/global_step":2015,"_timestamp":1.7376210883493176e+09,"train/epoch":0.9995659453091089,"total_flos":5.583446994006835e+17,"train_loss":2.1322987368917348,"_runtime":4161.007252784,"train_samples_per_second":7.751,"train_runtime":4161.5177}