{"train/global_step":233,"_timestamp":1.7377618192975326e+09,"train/loss":0.9894,"train_runtime":6919.6894,"_step":233,"train/grad_norm":1.5385242700576782,"_runtime":6919.092784846,"train_samples_per_second":4.324,"_wandb":{"runtime":7002},"train_loss":1.0360945821320038,"train_steps_per_second":0.034,"train/learning_rate":0,"train/epoch":0.9967914438502674,"total_flos":1.3035242182347325e+18}