{"train/loss":1.6659,"_runtime":10.355741892,"train/grad_norm":85.5108413696289,"train/epoch":0.0010478061558611656,"_timestamp":1.7345749713168535e+09,"train/global_step":1,"_step":0,"_wandb":{"runtime":12},"train/learning_rate":2.083333333333333e-08}