{"train_steps_per_second":0.224,"train_samples_per_second":1.793,"_runtime":2584.577992104,"total_flos":2.1247606510741094e+17,"train/epoch":2.9922077922077923,"_timestamp":1.7354482733333564e+09,"train/learning_rate":0,"train_runtime":2576.1011,"_wandb":{"runtime":2679},"train/loss":0.9409,"train_loss":1.2375421678233478,"train/global_step":576,"train/grad_norm":2.5158205032348633,"_step":576}