{"train_samples_per_second":3.596,"train_steps_per_second":0.225,"total_flos":1.014425658064896e+18,"_step":1375,"train/learning_rate":0,"train/epoch":0.9999090991728025,"_timestamp":1.739517986950912e+09,"train/loss":1.7044,"train_runtime":6118.5453,"_runtime":6117.950149542,"train/grad_norm":2.2724034786224365,"train_loss":1.9012169963663275,"train/global_step":1375,"_wandb":{"runtime":6212}}