{"train/learning_rate":0,"train_samples_per_second":1.742,"train_steps_per_second":0.435,"train/grad_norm":5.877185821533203,"train_runtime":2495.4992,"train/loss":0.9579,"_wandb":{"runtime":2588},"_runtime":2494.904209789,"train/epoch":2.995862068965517,"_timestamp":1.7362417534354458e+09,"train/global_step":1086,"_step":1086,"total_flos":2.003029572106322e+17,"train_loss":1.3759541079594066}