{"_wandb":{"runtime":7},"train/global_step":1,"train/epoch":0.00024131274131274132,"_step":0,"train/loss":3.8928,"train/learning_rate":2.4038461538461542e-08,"_runtime":5.995476749,"train/grad_norm":132.5376434326172,"_timestamp":1.7376148889974785e+09}