{"train_runtime":516.8484,"train_samples_per_second":3.252,"total_flos":7.746523207041024e+16,"train/loss":0.0414,"_wandb":{"runtime":609},"train_loss":1.4896773092116096,"train/grad_norm":2.1724069118499756,"train/epoch":0.9988109393579072,"_runtime":516.292315038,"_step":420,"train/global_step":420,"_timestamp":1.7319850511417623e+09,"train/learning_rate":0,"train_steps_per_second":0.813}