{"train/loss":2.3707,"_wandb":{"runtime":14},"train/global_step":1,"train/learning_rate":1.0204081632653061e-07,"train/epoch":0.00103132654376692,"_timestamp":1.7381707210263228e+09,"_step":0,"_runtime":12.624516993,"train/grad_norm":9.139594078063965}