{"_step":1851,"train_steps_per_second":0.479,"train/global_step":1851,"_runtime":3862.138317141,"_timestamp":1.7377476991462643e+09,"train/grad_norm":1.5607038736343384,"_wandb":{"runtime":3903},"train_samples_per_second":7.665,"train_loss":2.128839736883863,"train/loss":2.1473,"train/epoch":1,"train/learning_rate":0,"train_runtime":3863.4581,"total_flos":5.12901259846484e+17}