{"_timestamp":1.7376960006928484e+09,"train_steps_per_second":0.205,"train/learning_rate":0,"train_runtime":10598.3064,"total_flos":1.5217106753641513e+18,"train_samples_per_second":3.285,"train/grad_norm":4.902656078338623,"train/global_step":2176,"_step":2176,"_wandb":{"runtime":10679},"_runtime":10597.707991718,"train/epoch":1,"train_loss":1.6920884554548299,"train/loss":1.6252}