{"_step":35,"train/loss":1.1712,"train/learning_rate":0,"train/grad_norm":2.2143874168395996,"train_runtime":1638.5459,"_wandb":{"runtime":1732},"train_steps_per_second":0.021,"train/epoch":0.976460331299041,"total_flos":2.0657395218776064e+17,"_timestamp":1.7388869610341294e+09,"train_samples_per_second":2.799,"train_loss":1.3053029332842145,"_runtime":1637.867040846,"train/global_step":35}