{"_runtime":8372.022468897,"_timestamp":1.7382183867886357e+09,"train_loss":1.9156059239328522,"_step":1940,"train/epoch":0.9998711506249195,"train/grad_norm":1.9783782958984375,"train_runtime":8372.6926,"train_samples_per_second":3.708,"train/learning_rate":0,"_wandb":{"runtime":8472},"train/global_step":1940,"train/loss":1.8693,"total_flos":1.4312623830151987e+18,"train_steps_per_second":0.232}