{"train_loss":1.7326284298504258,"train/learning_rate":0,"train_runtime":8317.0233,"_wandb":{"runtime":8408},"train_samples_per_second":4.114,"train_steps_per_second":0.257,"_timestamp":1.738861431930654e+09,"train/grad_norm":4.570425033569336,"_runtime":8316.55683218,"total_flos":1.4951366837906964e+18,"train/loss":1.6588,"train/epoch":0.9996493278784336,"train/global_step":2138,"_step":2138}