{"_timestamp":1.7431798081245959e+09,"train_samples_per_second":2.751,"train_loss":1.2768090656825475,"train/global_step":35,"total_flos":2.0657395218776064e+17,"_runtime":1666.609799915,"train_runtime":1667.3712,"train_steps_per_second":0.021,"_wandb":{"runtime":1763},"train/loss":1.2019,"train/learning_rate":0,"_step":35,"train/epoch":0.976460331299041,"train/grad_norm":1.9501901865005493}