{"train/learning_rate":0,"train_samples_per_second":3.16,"_wandb":{"runtime":5287},"train/loss":1.7842,"train/grad_norm":3.919616222381592,"train_steps_per_second":0.79,"total_flos":7.390552021574615e+17,"train_loss":1.9988353139211152,"_step":4007,"train/epoch":0.9998752339363693,"_timestamp":1.7312049955112529e+09,"train/global_step":4007,"_runtime":5071.881670286,"train_runtime":5072.4658}