{"train_steps_per_second":0.221,"train/epoch":0.9994824552323776,"train/global_step":1207,"_wandb":{"runtime":5549},"train/grad_norm":2.0639219284057617,"_step":1207,"total_flos":8.904812867522396e+17,"train_loss":1.9877244135320138,"train/loss":1.9783,"train/learning_rate":0,"train_samples_per_second":3.541,"_runtime":5455.932349557,"train_runtime":5456.6131,"_timestamp":1.738838546768829e+09}