{"train/learning_rate":3.2673267326732676e-06,"_runtime":100.932352837,"train/loss":2.1485,"_timestamp":1.73761589292103e+09,"_step":65,"train/global_step":66,"train/grad_norm":1.654410481452942,"train/epoch":0.03273809523809524,"_wandb":{"runtime":102}}