{"train/learning_rate":0,"train_loss":1.9619652396706424,"train/epoch":0.9997280391623606,"train_steps_per_second":0.234,"train_samples_per_second":3.738,"train_runtime":7869.351,"total_flos":1.3560104432896573e+18,"_step":1838,"_wandb":{"runtime":7981},"train/loss":1.953,"train/grad_norm":1.9680217504501343,"_timestamp":1.7386599133484411e+09,"train/global_step":1838,"_runtime":7881.204986628}