{"train/learning_rate":1.8348623853211012e-07,"_step":3,"train/global_step":4,"_timestamp":1.7376852854642227e+09,"train/loss":1.8364,"train/epoch":0.001838235294117647,"_runtime":19.799266217,"_wandb":{"runtime":20},"train/grad_norm":9.567394256591797}