{"_runtime":47.8833929,"train/learning_rate":5.940594059405941e-07,"train/loss":2.0287,"_wandb":{"runtime":49},"_step":11,"train/global_step":12,"train/grad_norm":4.495571613311768,"train/epoch":0.00595275004650586,"_timestamp":1.737616776783297e+09}