{"_timestamp":1.7361323890068848e+09,"train/learning_rate":0,"train_runtime":1938.3596,"train_loss":1.5882889940122293,"_runtime":1941.679942929,"train/grad_norm":8.875822067260742,"train_steps_per_second":0.393,"train/loss":0.657,"_step":762,"train_samples_per_second":1.572,"_wandb":{"runtime":2035},"total_flos":1.4054406389917286e+17,"train/global_step":762,"train/epoch":2}