{"train/epoch":0.0007440937558132325,"_timestamp":1.7376162787719452e+09,"_step":5,"train/grad_norm":7.388247489929199,"train/loss":2.2419,"train/global_step":6,"train/learning_rate":7.425742574257426e-08,"_wandb":{"runtime":9},"_runtime":9.096596653}