{"total_flos":6.676765240354406e+16,"_timestamp":1.7362308974085069e+09,"train/global_step":362,"train/grad_norm":3.8084397315979004,"_runtime":1005.680358835,"train_steps_per_second":0.36,"train_samples_per_second":1.44,"train/learning_rate":0,"train_runtime":1006.3404,"train_loss":1.7587244266963136,"train/epoch":0.9986206896551724,"train/loss":1.4974,"_step":362,"_wandb":{"runtime":1100}}