{"train/global_step":14,"_runtime":22.898742365,"train/loss":2.3631,"_timestamp":1.7376110618599174e+09,"train/epoch":0.006944444444444444,"_step":13,"train/grad_norm":4.178582668304443,"_wandb":{"runtime":23},"train/learning_rate":6.930693069306931e-07}