{"train/epoch":0.006482982171799027,"train/global_step":12,"train/learning_rate":6.451612903225807e-07,"_runtime":60.440122689,"_step":11,"train/loss":1.9924,"_wandb":{"runtime":62},"train/grad_norm":4.334543704986572,"_timestamp":1.7376848665221214e+09}