{"train/learning_rate":8.333333333333333e-07,"train/epoch":0.008556149732620321,"_wandb":{"runtime":74},"_runtime":55.742142542,"_step":1,"train/loss":1.3958,"train/grad_norm":47.86202621459961,"train/global_step":2,"_timestamp":1.7377496373099754e+09}