{"train_loss":1.1643517428474106,"train/global_step":954,"train_steps_per_second":0.092,"train/epoch":0.999607072691552,"total_flos":1.4076539313365975e+18,"_runtime":10328.321866129,"_timestamp":1.7321626021843016e+09,"train/grad_norm":1.39313542842865,"_wandb":{"runtime":10420},"train_samples_per_second":2.957,"train/learning_rate":0,"train_runtime":10329.12,"train/loss":1.116,"_step":954}