{"train_samples_per_second":1.824,"train_loss":1.265888840644086,"_timestamp":1.7349368355567255e+09,"train_steps_per_second":0.228,"train/loss":1.1108,"train/grad_norm":2.7777504920959473,"train/learning_rate":0,"total_flos":1.1250902753083392e+17,"_wandb":{"runtime":1435},"train_runtime":1339.5964,"train/epoch":0.9983633387888707,"_step":305,"_runtime":1338.609336798,"train/global_step":305}