{"train/grad_norm":136.4458465576172,"total_flos":1.902138344205189e+17,"train/loss":68.9433,"train/global_step":34,"_step":34,"train_runtime":1722.0569,"train_steps_per_second":0.02,"train_samples_per_second":2.6,"_timestamp":1.7431818205044909e+09,"train/learning_rate":0,"train/epoch":0.9718624385886556,"_runtime":1721.31283348,"train_loss":73.05442967134364,"_wandb":{"runtime":1843}}