{"_runtime":369.989603772,"train/grad_norm":6.073502540588379,"train/epoch":0.996742671009772,"train/learning_rate":4.701780493695443e-06,"train/global_step":306,"_step":305,"train/loss":1.8943,"_timestamp":1.7340410254230776e+09,"_wandb":{"runtime":371}}