{"train_samples_per_second":2.935,"_timestamp":1.733022928242879e+09,"_runtime":10405.396927043,"train/grad_norm":1.3391871452331543,"train/global_step":954,"train/epoch":0.999607072691552,"train_loss":1.1593808374939725,"train_runtime":10406.8562,"train/learning_rate":0,"_step":954,"train_steps_per_second":0.092,"total_flos":1.4076539313365975e+18,"_wandb":{"runtime":10499},"train/loss":1.1131}