{"_runtime":1667.39121312,"train/loss":1.1488,"train/grad_norm":2.190185070037842,"train_runtime":1668.1529,"train/learning_rate":0,"train_samples_per_second":2.75,"train/epoch":0.976460331299041,"_step":35,"train_steps_per_second":0.021,"_timestamp":1.7395752492404559e+09,"_wandb":{"runtime":1757},"train_loss":1.2794531958443778,"train/global_step":35,"total_flos":2.0657395218776064e+17}