{"train_loss":1.8176443423460988,"_timestamp":1.7319955772322972e+09,"train/loss":1.3948,"_wandb":{"runtime":591},"train_steps_per_second":0.822,"_step":412,"train_samples_per_second":3.293,"train/grad_norm":4.149277687072754,"train/learning_rate":0,"train/epoch":0.9987878787878788,"train_runtime":501.0222,"train/global_step":412,"total_flos":7.598970384049766e+16,"_runtime":500.567481243}