{"train/global_step":5,"_runtime":289.915671499,"train_loss":2.257753086090088,"train/grad_norm":1.5633153915405273,"_timestamp":1.7376103492392075e+09,"total_flos":5.54188287246336e+15,"_step":5,"train/epoch":0.975609756097561,"train/learning_rate":0,"train/loss":2.295,"train_runtime":290.4814,"train_steps_per_second":0.017,"train_samples_per_second":1.105,"_wandb":{"runtime":325}}