{"train_loss":1.9879437538174796,"total_flos":1.365601376784089e+18,"_runtime":7893.152636519,"train/learning_rate":0,"train/epoch":1,"train/global_step":1851,"train_steps_per_second":0.235,"train/loss":2.0069,"_step":1851,"_timestamp":1.7383484207229974e+09,"train/grad_norm":2.1152515411376953,"_wandb":{"runtime":7984},"train_runtime":7892.4681,"train_samples_per_second":3.752}