{"_wandb":{"runtime":11621},"train_runtime":11536.6526,"train/epoch":1,"_runtime":11536.091398162,"train/loss":1.5554,"train_loss":1.705395466064099,"total_flos":1.6573778955023155e+18,"train_steps_per_second":0.205,"train/global_step":2370,"train_samples_per_second":3.287,"train/learning_rate":0,"_step":2370,"_timestamp":1.7376648796007252e+09,"train/grad_norm":4.959770202636719}