{"train_loss":1.1082423702350952,"train/learning_rate":0,"_runtime":7257.254737295,"train_samples_per_second":4.208,"_step":954,"train/epoch":0.999607072691552,"total_flos":1.4076539313365975e+18,"_timestamp":1.7319926716492817e+09,"_wandb":{"runtime":7347},"train_runtime":7257.8322,"train_steps_per_second":0.131,"train/loss":1.0694,"train/grad_norm":1.1415683031082153,"train/global_step":954}