{"_timestamp":1.7356305917853537e+09,"train/grad_norm":3.8929457664489746,"train_runtime":2453.9646,"train_loss":1.2373678718383114,"train/learning_rate":0,"_step":576,"train/global_step":576,"train/loss":1.1966,"train_steps_per_second":0.235,"_runtime":2465.375221158,"total_flos":2.1247606510741094e+17,"_wandb":{"runtime":2559},"train_samples_per_second":1.883,"train/epoch":2.9922077922077923}