{"train_steps_per_second":0.43,"train/learning_rate":0,"train_loss":1.0352542013012243,"_runtime":4215.057788124,"train/epoch":4.993103448275862,"total_flos":3.338382620177203e+17,"_timestamp":1.7358775571862519e+09,"train/grad_norm":5.854494571685791,"train_samples_per_second":1.722,"train/loss":0.3013,"_step":1810,"train/global_step":1810,"_wandb":{"runtime":4312},"train_runtime":4207.825}