{"train/grad_norm":2.3779540061950684,"train_loss":1.9836097436618445,"total_flos":1.365601376784089e+18,"_step":1851,"train/global_step":1851,"train_steps_per_second":0.186,"train_samples_per_second":2.981,"_runtime":9932.779231047,"train/learning_rate":0,"train/epoch":1,"_wandb":{"runtime":10027},"_timestamp":1.7377061123906465e+09,"train/loss":1.9934,"train_runtime":9933.3413}