{"train/learning_rate":4.9938969065539165e-06,"_step":137,"train/loss":2.0819,"train/grad_norm":2.3956217765808105,"train/global_step":138,"train/epoch":0.07112485504445304,"_timestamp":1.738208986979501e+09,"_runtime":555.821843442,"_wandb":{"runtime":557}}