{"train_loss":1.1365247018197004,"_wandb":{"runtime":1546},"_timestamp":1.7388250955110707e+09,"train/global_step":34,"train_steps_per_second":0.023,"_runtime":1467.079618023,"train/loss":1.0371,"train_runtime":1467.6057,"train/learning_rate":0,"train/epoch":0.9718624385886556,"train/grad_norm":2.058185338973999,"total_flos":1.902138344205189e+17,"train_samples_per_second":3.051,"_step":34}