{"train/loss":1.3412,"train/global_step":1,"_step":0,"_wandb":{"runtime":31},"train/learning_rate":4.1666666666666667e-07,"train/epoch":0.0042780748663101605,"train/grad_norm":38.66409683227539,"_timestamp":1.737750826195875e+09,"_runtime":27.7900273}