{"train_steps_per_second":0.23,"train/epoch":0.9997250481165796,"train_runtime":7917.3796,"_step":1818,"train/grad_norm":2.0980942249298096,"train/loss":1.8993,"train_loss":1.9803658804484325,"train/global_step":1818,"_wandb":{"runtime":8028},"_runtime":7916.754931224,"total_flos":1.3412551609905316e+18,"_timestamp":1.738869606023413e+09,"train_samples_per_second":3.675,"train/learning_rate":0}