{"train_steps_per_second":0.81,"_timestamp":1.7318186835668213e+09,"_step":421,"train_loss":1.3603282520268776,"_runtime":519.604528429,"train/global_step":421,"train/grad_norm":3.481597423553467,"train_samples_per_second":3.24,"total_flos":7.764967309914931e+16,"train/loss":0.8607,"train/epoch":0.9988137603795967,"train_runtime":520.055,"_wandb":{"runtime":617},"train/learning_rate":0}