{"train/global_step":57,"train_loss":1.9747073357565361,"_wandb":{"runtime":1406},"train_steps_per_second":0.043,"_runtime":1310.771904136,"train_samples_per_second":0.352,"total_flos":2.102627725947699e+16,"_step":57,"train/loss":1.7071,"train/grad_norm":10.429033279418945,"train/learning_rate":0,"train_runtime":1311.5231,"_timestamp":1.7356325689705915e+09,"train/epoch":2.961038961038961}