{"_wandb":{"runtime":7399},"train/learning_rate":0,"train_samples_per_second":4.178,"total_flos":1.4076539313365975e+18,"train_steps_per_second":0.131,"train/epoch":0.999607072691552,"train/grad_norm":1.1220506429672241,"_timestamp":1.7320327898104327e+09,"train/global_step":954,"_step":954,"train_runtime":7308.8418,"train_loss":1.108721777952942,"train/loss":1.0691,"_runtime":7307.269717131}