{"train/epoch":0.9992094861660079,"total_flos":1.398800761957122e+18,"train/loss":1.0871,"_step":237,"train_steps_per_second":0.031,"train/learning_rate":0,"_timestamp":1.7377696171920874e+09,"train_runtime":7568.4711,"train/global_step":237,"train_samples_per_second":4.011,"train_loss":1.180038488363918,"_wandb":{"runtime":7659},"_runtime":7570.405120191,"train/grad_norm":0.8842898607254028}