{"train/epoch":0.9988109393579072,"train_runtime":518.7084,"train/learning_rate":0,"train_steps_per_second":0.81,"train/global_step":420,"train/grad_norm":2.9604408740997314,"_runtime":518.177659846,"train/loss":0.0884,"train_samples_per_second":3.241,"train_loss":1.4823390298212569,"_timestamp":1.7320393994378788e+09,"_wandb":{"runtime":613},"_step":420,"total_flos":7.746523207041024e+16}