{"_runtime":7284.105674007,"train/global_step":954,"_step":954,"train_runtime":7284.644,"train_loss":1.1088404067532323,"train/learning_rate":0,"train/loss":1.0687,"total_flos":1.4076539313365975e+18,"train_samples_per_second":4.192,"train/grad_norm":1.1339770555496216,"_wandb":{"runtime":7376},"_timestamp":1.7320686872714446e+09,"train_steps_per_second":0.131,"train/epoch":0.999607072691552}