{"train/global_step":135,"_runtime":545.914485872,"train/loss":516.5336,"train/grad_norm":1375.363525390625,"train/learning_rate":4.99475706559428e-06,"train/epoch":0.06957866254348666,"_step":134,"_timestamp":1.7382081910197084e+09,"_wandb":{"runtime":546}}