{"train/global_step":1144,"train/grad_norm":2.0411887168884277,"train/learning_rate":0,"_runtime":5140.906602766,"train_loss":2.0047160806981,"train_runtime":5141.4893,"train_samples_per_second":3.561,"train/loss":1.8605,"train_steps_per_second":0.223,"_timestamp":1.738583483306547e+09,"train/epoch":0.9996723102129984,"total_flos":8.440021475099935e+17,"_step":1144,"_wandb":{"runtime":5233}}