{"_timestamp":1.7395117288420935e+09,"_wandb":{"runtime":6457},"train/global_step":1615,"_runtime":6376.122442038,"train_steps_per_second":0.253,"train_runtime":6376.5803,"train/grad_norm":5.801942348480225,"_step":1615,"train/learning_rate":0,"total_flos":1.129394641871831e+18,"train/epoch":0.9999226066093956,"train/loss":1.5267,"train_loss":1.6438421894522275,"train_samples_per_second":4.053}