{"train_runtime":1463.6046,"total_flos":1.902138344205189e+17,"train/loss":1.0466,"_step":34,"train/grad_norm":2.128957986831665,"train_samples_per_second":3.059,"train/learning_rate":0,"_runtime":1462.433875557,"_timestamp":1.7395733048536236e+09,"train/global_step":34,"train_steps_per_second":0.023,"train/epoch":0.9718624385886556,"train_loss":1.1377219172085034,"_wandb":{"runtime":1543}}