{"train/learning_rate":0,"_step":1367,"_timestamp":1.7387279919746797e+09,"train_loss":1.755218896799569,"_wandb":{"runtime":5490},"train_runtime":5410.3457,"_runtime":5409.747208903,"train/epoch":0.999360321666819,"train/loss":1.7636,"train/global_step":1367,"train/grad_norm":4.86202335357666,"train_samples_per_second":4.045,"total_flos":9.55964381076652e+17,"train_steps_per_second":0.253}