{"train_runtime":7246.3282,"_step":954,"_timestamp":1.7319044415254655e+09,"train/global_step":954,"train/grad_norm":1.1453229188919067,"train/epoch":0.999607072691552,"train/learning_rate":0,"train_steps_per_second":0.132,"_wandb":{"runtime":7335},"total_flos":1.4076539313365975e+18,"train/loss":1.0697,"train_samples_per_second":4.214,"train_loss":1.1095921783952094,"_runtime":7245.834944309}