{"_wandb":{"runtime":1410},"train_samples_per_second":0.352,"train_loss":2.0178796429383126,"train/grad_norm":11.252132415771484,"_runtime":1318.882791973,"train_runtime":1312.6937,"_timestamp":1.7356869592981777e+09,"train/loss":1.7458,"_step":57,"train_steps_per_second":0.043,"train/learning_rate":0,"train/global_step":57,"total_flos":2.102627725947699e+16,"train/epoch":2.961038961038961}